componente,valor
sigma2_e,0.854050113454611
sigma2_P,3.310548852364727
sigma2_D,15.480989134201405
u_mu,2.3143273103039492
U95,4.6286546206078985
